{
  "project_info": {
    "project_number": "1066945773029",
    "firebase_url": "https://excolnet.firebaseio.com",
    "project_id": "excolnet",
    "storage_bucket": "excolnet.appspot.com"
  },
  "client": [
    {
      "client_info": {
        "mobilesdk_app_id": "1:1066945773029:android:0e571505c46b8f13",
        "android_client_info": {
          "package_name": "co.edu.konradlorenz.excolnet"
        }
      },
      "oauth_client": [
        {
          "client_id": "1066945773029-2sir92s9eu1s7ovp9jcl7p8kdbud4hjl.apps.googleusercontent.com",
          "client_type": 1,
          "android_info": {
            "package_name": "co.edu.konradlorenz.excolnet",
            "certificate_hash": "f47df5d9fe7f9bbe09ae87faff936af0ae154459"
          }
        },
        {
          "client_id": "1066945773029-bb7q6pj4mi96im3msj5uid0i4r4thvth.apps.googleusercontent.com",
          "client_type": 1,
          "android_info": {
            "package_name": "co.edu.konradlorenz.excolnet",
            "certificate_hash": "3400e2a8962a3e55440acab08c1474e306958ad4"
          }
        },
        {
          "client_id": "1066945773029-31ep961uf2985081si9033i1ecb4qgqc.apps.googleusercontent.com",
          "client_type": 1,
          "android_info": {
            "package_name": "co.edu.konradlorenz.excolnet",
            "certificate_hash": "fcb1f45e3c34df44483a6accdb19bc4bb091bf30"
          }
        },
        {
          "client_id": "1066945773029-st249pk72k34qmbkms32sa74ev7796j4.apps.googleusercontent.com",
          "client_type": 3
        }
      ],
      "api_key": [
        {
          "current_key": "AIzaSyC6cibpuG7RzgRAimSD5rNPJZ2M4d4YHnk"
        }
      ],
      "services": {
        "analytics_service": {
          "status": 1
        },
        "appinvite_service": {
          "status": 2,
          "other_platform_oauth_client": [
            {
              "client_id": "1066945773029-st249pk72k34qmbkms32sa74ev7796j4.apps.googleusercontent.com",
              "client_type": 3
            }
          ]
        },
        "ads_service": {
          "status": 2
        }
      }
    }
  ],
  "configuration_version": "1"
}